gene,vh_or_vl,seq,amplen,barcode_start,barcode_end,gene_start,gene_end
4A8,VH,GAAGTGCAGCTGGTGGAGTCTGGGGCAGAGGTGAAGAAGCCTGGGGCCTCAGTGAAGGTTTCCTGCAAGGTTTCCGGATACACCCTCACTGAATTATCCATGCACTGGGTGCGACAGGCTCCTGGAAAAGGGCTTGAGTGGATGGGAGGTTTTGATCCTGAAGATGGTGAAACAATGTACGCACAGAAGTTCCAGGGCAGAGTCACCATGACCGAGGACACATCTACAGACACAGCCTACATGGAGCTGAGCAGCCTGAGATCTGAGGACACGGCCGTGTATTACTGTGCAACCTCGACAGCAGTGGCTGGCACACCTGACCTCTTCGACTACTACTACGGTATGGACGTCTGGGGCCAAGGGACCACGGTCACCGTCTCCTCA,445,12,32,39,423
CC121,VH,GAAGTGCAGCTGGTGGAGTCTGGAGGAGGCTTGATCCAGCCTGGGGGGTCCCTGAGACTCTCCTGTGCAGCCTCTGGGTTAACCGTCAGTAGCAACTACATGAGCTGGGTCCGCCAGGCTCCAGGGAAGGGGCTGGAGTGGGTGTCAGTTATTTATAGCGGTGGTAGCACATTCTACGCAGACTCCGTGAAGGGCCGATTCACCATCTCCAGAGACAATTCCAAGAACACGCTGTATCTTCAAATGAACAGCCTGAGAGCCGAGGACACGGCCGTGTATTACTGTGCGAGAGATTTAGATGTCTACGGTTTGGACGTCTGGGGCCAAGGGACCACGGTCACCGTCTCCTCA,412,12,32,39,390
COV2_2489,VH,CAGCTGCAGCTGCAGGAGTCGGGCCCAGGACTGGTGAAGCCTTCGGAGACACTGTCCCTCACATGCACTGTCTCTGGTGGCTCCATCAGCAGTACTACTTATTACTGGGGCTGGATCCGCCAGCCCCCAGGGAAGGGGCTGGAGTGGATTGCGAGTATCTATTACAGTGGGAGCACCTACTACAATCCGTCCCTCAAGAGTCGACTCACCGTTTCCGTAGACACGTCCAAGAACCAGTTCTCCCTGAAGCTGAGCTCTGTGACCGCCGCAGACACGGCTGTCTATTACTGTGCGAGACAATGGAAATGGTTCGGGGAAGCCTGGTACTTCGATCTCTGGGGCCGTGGCACCCTGGTCACTGTCTCCTCA,427,12,32,39,408
5-7,VH,CAGGTGCAGCTGGTGCAGTCTGGGGCCGAGGTGAAGAAGCCTGGGGCCTCAGTGAAGGTTTCCTGCAAGGCATCTGGATACACCTTCACCAGTTACTATATGCACTGGGTGCGACAGGCCCCTGGACAAGGGCTTGAGTGGATGGGAGTAATCAACCCGAGTGGAGGTAGCACAAGCTACGCAGAGAAGTTCCGGGGCAGAGTCACCATGACCAGGGACACGTCCACGAGCACAGTGTACATGGAGCTGAGCAGCCTGAGATCTGAGGACACGGCCGTGTATTACTGTGCGAGAGATCGTGAACCACATTCCGATAGTAGTGGTTATTGGGATTCCCTTAAATACTACTACTACTACGCTTTGGACGTCTGGGGCCAAGGGACCACGGTCACCGTCTCCTCA,460,12,32,36,438
5-24,VH,CAGGTGCAGCTGGTGGAGTCTGGGGGAGGCGTGGTCCAGCCTGGGAGGTCCCTGAGACTCTCCTGTGCAGCGTCTGGACTCACCTTCAGTAGCTATGTCATGCACTGGGTCCGCCAGGCTCCAGGCAAGGGGCTGGACTGGGTGGGAGTTATATGGTATGATGGAAGTAAAAAATACTATGCAGACTCCGTGAAGGGCCGATTCACCATCTCCAGAGACAATTCCAAGAACACGCTGTATCTGCAAATGAACAGCCTGAGAGCCGAGGACACGGCTGTGTATTACTGTGCGAGAGATCCCCGCGACTATTACGATTTTTGGAGTGGCTACGACTACTACTACGGTTTGGACGTCTGGGGCCAAGGGACCACGGTCACCGTCTCCTCA,445,12,32,36,423
CC631,VH,GAAGTGCAGCTGGTGCAGTCTGGGGCCGAGGTGAAGAAGCCTGGGGCCTCAGTGAAGGTTTCCTGCATGGCATCTGGATACACCTTCACCAGCTACTATATGCACTGGGTGCGACAGGCCCCTGGACAAGGGCTTGAGTGGATGGGAATAATCAGCCCTAGTGGTGGTGGCACAAGCTACGCACAGAAGTTCCAGGGCAGAGTCACCCTGACCAGGGACACGTCCACGAGCACAGTCTACATGGAGCTGAGCAGCCTGAGATCTGAGGACACGGCCGTGTATTACTGTGCGAGATGGTATGATAGTACTGGTAGTATTGACTACTGGGGCCAGGGAACCCTGGTCACCGTCTCCTCA,418,12,32,39,396
2-17,VH,CAGGTCCAGCTGGTGCAGTCTGGGGCAGAGGTGAAGAAGCCTGGGTCCTCGGTGAAGGTGTCCTGCAAGGCTTCTGGAGGCACCTTCAGCAGCTATGCTATCAGCTGGGTGCGACAGGCCCCTGGACAAGGGCTTGAGTGGATGGGAGGCAACATCCCTATCTTTGGTACAGCAAACTACGCACAGAAGTTCCAGGGCAGAGTCACGATTACCGCGGACGAATCCACGAGCACAGCCTACATGGAGCTGAGCAGCCTGAGATCCGAGGACACGGCCGTGTATTACTGTGCGAGAGGAGTCGGCTATCGGGGAGTTATCCCCCTAAACTGGTTCGACCCCTGGGGCCAGGGAACCGTGGTCACCGTCTCCTCA,430,12,32,36,408
910-30,VH,GAGGTGCAGCTGGTGGAGTCTGGAGGAGGCTTGGTCCAGCCTGGGGGGTCCCTGAGACTCTCCTGTGCAGCCTCTGGGTTCACCGTCAGTAGCAACTACATGAGCTGGGTCCGCCAGGCTCCAGGGAAGGGGCTGGAGTGGGTGTCACTTATTTATAGCGGTGGTAGCACATACTACGCAGACTCCGTGAAGGGCCGATTCACCATCTCCAGACACAATTCCAAGAACACGCTGTATCTTCAAATGAACAGCCTGAGAGCCGAGGACACGGCCGTGTATTACTGTGCGAGAATCTACGGCGATTATGCATGGGGCCAGGGAACCCTGGTGACAGTGTCTAGC,403,12,32,39,381
4A8,VL,GAAATAGTGATGACGCAGTCTCCACTCTCCTCACCTGTCACCCTTGGACAGCCGGCCTCCATCTCCTGCAGGTCTAGTCAAAGCCTCGTACACAGTGATGGAAACACCTACTTGAGTTGGCTTCAGCAGAGGCCAGGCCAGCCTCCAAGACTCCTAATTTATAAGATTTCTAACCGGTTCTCTGGGGTCCCAGACAGATTCAGTGGCAGTGGGGCAGGGACAGATTTCACACTGAAAATCAGCAGGGTGGAAGCAGAGGATGTCGGGGTTTATTACTGCACGCAAGCTACACAATTTCCGTACACTTTTGGCCAGGGGACCAAAGTGGATATCAAA,410,15,35,54,390
CC121,VL,GACATCGTGATGACCCAGTCTCCATCCTTCCTGTCTGCATCTGTAGGAGACAGAGTCACCATCACTTGCCGGGCCAGTCAGGGCATTAGCAGTTATTTAGCCTGGTATCAGCAAAAACCAGGGAAAGCCCCTAAGCTCCTGATCTATGCTGCATCCACTTTGCAAAGTGGGGTCCCATCAAGGTTCAGCGGCAGTGGATCTGGGACAGAATTCACTCTCACAATCAGCAGCCTGCAGCCTGAAGATTTTGCAACTTATTACTGTCAACAGCTTAATAGTTACCCTCCAAAATTCACTTTCGGCCCTGGGACCAAGGTGGAAATCAAA,401,15,35,54,381
COV2_2489,VL,GAAATTGTGTTGACGCAGTCTCCAGGCACCCTGTCTTTGTCTCCAGGGGAAAGAGCCAGCCTCTCCTGCAGGGCCAGTCAGAGTGTTAGCAGCAGCTACTTAGCCTGGTACCAGCAGAAACCTGGCCAGGCTCCCAGGCTCCTCATCTATGGTGCATCCAGCAGGGCCACTGGCATCCCAGACAGGTTCAGTGGCAGTGGGTCTGGGACAGACTTCACTCTCACCATCAGCAGACTGGAGCCTGAAGATTTTGCAGTGTATTACTGTCAGCAGTATGGTAGCTCACCTTTCACTTTCGGCGGAGGGACCAAGGTGGAGATCAAA,398,15,35,54,378
5-7,VL,GCCATCCAGTTGACCCAGTCTCCATCCTCCCTGTCTGCATCTGTAGGAGACAGAGTCACCATCACTTGCCGGGCCAGTCAGGGCATTAGCAGTTATTTAGCCTGGTATCAGCAAAAACCAGGGAAAGCCCCTGAGCTCCTGATCTATGCTGCATCCACTTTGCAAAGTGGGGTCCCATCAAGGTTCAGCGGCAGTGGATCTGGGACAGATTTCACTCTCACCATCAGCAGCCTGCAGCCTGAAGATTTTGCAACTTATTACTGTCAACAACTTAATACTTACCCATTCACTTTCGGCCCTGGGACCAAAGTGGATATCAAA,395,15,35,54,375
5-24,VL,GAAATTGTGTTGACGCAGTCTCCAGGCATCCTGTCTTTGTCTCCAGGGGAAAGAGCCACCCTCTCCTGCAGGGCCAGTCAGAGTGTTAGCAGCAGCTACTTAGCCTGGTACCAGCAGAAACCTGGCCAGGCTCCCAGGCTCCTCATCTATGGTGCATCCAGCAGGGCCACTGGCATCCCAGACAGGTTCAGTGGCAGTGGGTCTGGGACAGACTTCACTCTCACCATCAGCAGACTGGAGCCTGAAGATTTTGCAGTGTATTACTGTCAGCAGTATGGTAGTTCAGGCGCGCTCACTTTCGGCGGAGGGACCAAGGTGGAGATCAAA,401,15,35,54,381
CC631,VL,GACATCCAGATGACCCAGTCTCCATCCTCCCTGTCTGCATCTGTAGGAGACAGAGTCACCATCACTTGCCGGGCAAGTCAGGGCATTAGAAATGATTTAGGCTGGTATCAGCAGAAACCAGGGAAAGCCCCTAAGCGCCTGATCTATGCTGCATCCAGTTTGCAAAGTGGGGTCCCATCAAGGTTCAGCGGCAGTGGATCTGGGACAGAATTCACTCTCACAATCAGCAGCCTGCAGCCTGAAGATTTTGCAACTTATTACTGTCTACAGCATAATAGTTACCCTATTCTCACTTTCGGCGGAGGGACCAAGCTGGAGATCAAA,398,15,35,54,378
2-17,VL,GAAATAGTGATGACGCAGTCTCCAGCCACCCTGTCTGTGTCTCCAGGGGAAAGAGCCACCCTCTCCTGCAGGGCCAGTCAGAGTGTTAGCAGCGACTTAGCCTGGTACCAGCATAAACCTGGCCAGGCTCCCAGGCTCCTCATCTATGGTGCATCCACCAGGGCCACTGGTATCCCAGTCAGGTTCAGTGGCAGTGGGTCTGGGACAGAGTTCACTCTCACCATCAGCAGCCTGCAGTCTGAAGATTTTGCAGTTTATTACTGTCAGCAGTATAATAACTGGCCTCCGTTCACTTTCGGCGGAGGGACCAAGGTGGAAATCAAA,398,15,35,54,378
910-30,VL,GACATCCAGATGACCCAGTCTCCATCCTCCCTGTCTGCATCTGTAGGAGACAGAGTCACCATCACTTGCCAGGCGAGTCAGGACATTAGCAACTATTTAAATTGGTATCAGCAGAAACCAGGGAAAGCCCCTAAGCTCCTGATCTACGATGCATCCAATTTGGAAACAGGGGTCCCATCAAGGTTCAGTGGAAGTAGATCTGGGACAGATTTTACTTTCACCATCAGCAGCCTGCAGCCTGAAGATATTGCAACATATTACTGTCACCAGTATGATAATCTCCCTCTGACCTTTGGCGGCGGCACAAAGGTGGAGATCAAG,395,15,35,54,375